MeanWavelengthTime,MeanWavelength,OvenTime,CurTemp,SetpointTemp,OpmTime,OpmRead,sa_power_level,reference_mean_wavelength
0.0037822652525371,1309.536,0.0030297138955858,23.1,24.0,0.0013912747303644,78.85,-28.540959496913576,1310.573
0.006359329952134,1307.637,0.0056012115213606,23.1,24.1,0.0031324505143695,78.85,-27.343471142636048,
0.0088336339261796,1306.08,0.0080893855624728,23.1,24.1,0.0056012115213606,78.85,-29.14999057773236,
0.0120551415946748,1315.064,0.0104637236727608,23.0,24.2,0.0081921474801169,78.85,-29.43021211807792,
