MeanWavelengthTime,MeanWavelength,OvenTime,CurTemp,SetpointTemp,OpmTime,OpmRead,sa_power_level,reference_mean_wavelength
0.0031491157743665,1310.648,0.0006942533122168,22.7,24.1,0.0008275472455554,-43.42,-19.221774322376383,1310.573
0.0058428002728356,1311.678,0.0033435043361451,22.7,24.6,0.0034656800164116,-43.79,-19.306493305944755,
0.0092138335439893,1312.096,0.0066786748833126,22.7,25.2,0.0067980852391984,-43.8,-18.506086229389787,
0.0125185345278845,1311.516,0.0100163853168487,22.7,25.8,0.0101330912775463,-43.72,-17.37049160193101,
0.0158398331536187,1310.96,0.0133516344759199,22.7,26.4,0.0134655097458097,-43.71,-16.760772657115727,
0.0191986663473976,1311.078,0.0166812639766269,22.7,27.0,0.0167980967627631,-43.79,-16.455102487769885,
