MeanWavelengthTime,MeanWavelength,OvenTime,CurTemp,SetpointTemp,OpmTime,OpmRead,sa_power_level,reference_mean_wavelength,reference_power_level
0.0045987021923065,1312.26,0.0018105997641881,22.4,24.0,0.0019494501749674,78.85,-26.69120914459222,1310.438,-17.55898309855382
0.0086808729834026,1310.035,0.0061732580926683,22.4,24.2,0.0062982237339019,78.85,-26.407765763574965,,
0.011452320019404,1307.778,0.0089252600404951,22.4,24.3,0.009053001138899,78.85,-25.116311127717218,,
0.015009655157725,1309.188,0.0125131357378429,22.4,24.4,0.0126353239350848,78.85,-26.08603195148872,,
0.0192334636714723,1307.948,0.0166814063655005,22.4,24.6,0.0167980382177564,78.85,-26.121516686952734,,
